Epoch,Avg_Q
1.0,0.0011075
2.0,0.00968125
3.0,0.016938750000000002
4.0,0.02434
5.0,0.022656250000000003
6.0,0.030312500000000006
7.0,0.029647500000000007
8.0,0.03679375
9,0.04333125
