Epoch,Reward
1.0,0.08861664549760087
2.0,0.6859371479949173
3.0,0.5805963607907353
4.0,0.5303714036011118
5.0,0.5512493610186784
6.0,0.5601977182230914
7.0,0.5273588011657651
8.0,0.5220642250099087
9,0.5229841125411703
